timestamps,labels,rewards,actions
0.018258,0,0,1
0.114184,0,0,1
0.209840,0,0,0
0.305035,0,0,0
0.410060,0,0,1
0.508985,0,0,0
0.604903,0,0,0
0.710207,0,0,0
0.807352,0,0,0
0.904055,0,0,0
1.003597,0,0,0
1.104254,0,0,0
1.202293,0,0,0
1.304920,0,0,0
1.401683,0,0,0
1.500936,0,0,0
1.599557,0,0,0
1.699589,0,0,0
1.797681,0,0,0
1.890747,0,0,0
1.986752,0,0,1
2.087489,0,0,0
2.185817,0,0,0
2.285135,0,0,1
2.383627,0,0,1
2.484655,1,1,0
2.574923,1,0,0
2.678186,1,0,0
2.772679,1,0,0
2.880001,1,0,0
2.985979,1,0,0
3.082755,1,0,0
3.177809,1,0,0
3.279272,1,0,0
3.383064,1,0,0
3.483956,0,0,0
3.588242,0,0,0
3.698586,0,0,1
3.797291,0,0,0
3.900156,0,0,0
3.994450,0,0,0
4.092154,0,0,1
4.188341,0,0,0
4.285846,0,0,0
4.385795,0,0,0
4.482667,0,0,1
4.582940,0,0,1
4.676394,0,0,1
4.775876,0,0,1
4.871126,0,0,0
4.970854,0,0,0
5.068825,0,0,1
5.166000,0,0,0
5.267315,0,0,0
5.364709,0,0,0
5.465756,0,0,0
5.559521,0,0,1
5.658731,0,0,1
5.756561,0,0,0
5.857916,0,0,1
5.958653,0,0,1
6.059939,0,0,0
6.156235,0,0,0
6.255360,0,0,0
6.352181,0,0,0
6.451717,0,0,0
6.550632,0,0,0
6.647585,0,0,0
6.749540,0,0,1
6.847523,0,0,1
6.948356,0,0,1
7.041292,0,0,1
7.158244,0,0,0
7.257129,0,0,1
7.356144,0,0,0
7.454542,0,0,1
7.552507,0,0,0
7.654382,0,0,0
7.752198,0,0,0
7.852177,0,0,0
7.949071,0,0,0
8.043402,0,0,0
8.146197,0,0,1
8.250199,0,0,0
8.352607,0,0,0
8.454382,0,0,1
8.552009,0,0,0
8.650501,0,0,1
8.743390,0,0,1
8.841593,0,0,1
8.937423,0,0,1
9.038976,0,0,1
9.140214,0,0,1
9.237916,0,0,0
9.338011,0,0,0
9.436159,0,0,0
9.533468,0,0,0
9.626814,0,0,0
9.724697,0,0,0
9.821833,0,0,1
9.919313,0,0,0
10.019174,0,0,1
10.116994,0,0,0
10.216963,0,0,1
10.315680,0,0,0
10.409149,0,0,0
10.506747,0,0,1
10.605809,0,0,1
10.704644,0,0,0
10.803033,0,0,0
10.905496,0,0,1
11.002748,0,0,0
11.105951,0,0,0
11.202804,0,0,0
11.304481,0,0,0
11.402911,0,0,0
11.502974,0,0,0
11.599476,0,0,0
11.704757,0,0,0
11.801282,0,0,0
11.908336,0,0,0
12.005894,0,0,0
12.102901,0,0,0
12.205288,0,0,0
12.305316,0,0,0
12.405625,0,0,0
12.503315,0,0,1
12.602578,0,0,0
12.698782,0,0,0
12.792106,0,0,0
12.890744,0,0,1
12.989057,0,0,0
13.097885,0,0,1
13.198490,0,0,0
13.302587,0,0,0
13.412638,0,0,1
13.518323,0,0,0
13.618548,0,0,1
13.717415,0,0,1
13.814444,0,0,0
13.910101,0,0,0
14.006040,0,0,0
14.105830,0,0,0
14.202601,0,0,0
14.305323,0,0,0
14.405247,0,0,1
14.504571,0,0,1
14.603265,0,0,0
14.704430,0,0,0
14.802585,0,0,0
14.903027,0,0,0
14.998479,0,0,1
15.092579,0,0,0
15.205190,0,0,0
15.305677,0,0,1
15.403424,0,0,0
15.501019,0,0,0
15.598674,0,0,1
15.698630,0,0,1
15.791654,0,0,0
15.887981,0,0,0
15.988315,1,1,0
16.084282,1,0,0
16.177687,1,0,0
16.274954,1,0,0
16.380041,1,0,0
16.474698,1,0,0
16.576397,1,0,0
16.680724,1,0,0
16.784080,1,0,0
16.887992,1,0,0
16.992918,0,0,0
17.096546,0,0,0
17.191697,0,0,0
17.289231,0,0,0
17.387821,0,0,0
17.486505,0,0,0
17.586024,0,0,0
17.685457,0,0,0
17.784266,0,0,0
17.877162,0,0,0
17.983203,0,0,0
18.077407,0,0,1
18.182959,0,0,0
18.277563,0,0,1
18.380900,0,0,1
18.474401,0,0,0
18.573183,0,0,0
18.669748,0,0,0
18.769151,0,0,1
18.867950,0,0,1
18.967383,0,0,0
19.063343,0,0,0
19.160270,0,0,0
19.261885,0,0,1
19.357150,0,0,1
19.455055,0,0,0
19.556209,0,0,0
19.654166,0,0,0
19.754699,0,0,1
19.854642,0,0,0
19.954215,0,0,0
20.052415,0,0,0
20.154079,0,0,1
20.255342,0,0,1
20.355214,0,0,1
20.452847,0,0,1
20.564579,0,0,1
20.680753,0,0,0
20.798184,0,0,0
20.914237,0,0,0
21.013838,0,0,0
21.110933,0,0,0
21.207000,0,0,0
21.305435,0,0,0
21.410493,0,0,0
21.523968,0,0,0
21.626950,0,0,0
21.737778,0,0,0
21.839410,0,0,0
21.936537,0,0,0
22.035923,0,0,0
22.133184,0,0,0
22.226146,0,0,0
22.324765,0,0,0
22.422638,0,0,1
22.523601,0,0,1
22.619720,0,0,0
22.718617,0,0,0
22.815759,0,0,0
22.910617,0,0,0
23.008910,0,0,0
23.105132,0,0,1
23.203583,0,0,0
23.303941,0,0,0
23.402250,0,0,0
23.499893,0,0,1
23.596594,0,0,0
23.697780,0,0,0
23.790970,0,0,1
23.886739,0,0,0
23.986980,0,0,0
24.084786,0,0,0
24.185549,0,0,0
24.288276,0,0,1
24.386964,0,0,0
24.482630,0,0,0
24.582407,0,0,1
24.679287,0,0,1
24.776530,0,0,1
24.873402,0,0,1
24.970545,0,0,0
25.069726,0,0,0
25.166775,0,0,0
25.265656,0,0,0
25.360512,0,0,1
25.458640,0,0,0
25.556535,0,0,0
25.655128,0,0,0
25.754012,0,0,0
25.850304,0,0,0
25.949449,0,0,1
26.042406,0,0,0
26.152224,0,0,1
26.263134,0,0,0
26.358716,0,0,1
26.459217,0,0,0
26.556219,0,0,1
26.664119,0,0,1
26.759989,0,0,0
26.856318,0,0,0
26.953278,0,0,0
27.054851,0,0,0
27.151053,0,0,0
27.250434,0,0,0
27.351155,0,0,1
27.452797,0,0,1
27.550247,0,0,1
27.649544,0,0,0
27.745408,0,0,0
27.839890,0,0,0
27.939710,0,0,1
28.037753,0,0,0
28.137820,0,0,0
28.234877,0,0,0
28.337274,0,0,0
28.434244,0,0,0
28.526709,0,0,0
28.642734,0,0,0
28.740412,0,0,1
28.854456,0,0,1
28.966907,0,0,0
29.076155,0,0,0
29.196398,0,0,0
29.316967,0,0,0
29.445902,0,0,1
29.570490,0,0,0
29.699344,0,0,1
29.817995,0,0,0
29.924742,0,0,0
30.024390,0,0,0
30.122225,0,0,0
30.220695,0,0,0
30.319417,0,0,0
30.417808,0,0,1
30.516171,0,0,0
30.615532,0,0,0
30.715246,0,0,0
30.809495,0,0,0
30.906473,0,0,1
31.004748,0,0,0
31.103109,0,0,0
31.201655,0,0,0
31.300527,0,0,1
31.400066,0,0,1
31.492750,0,0,1
31.589788,0,0,0
31.688706,0,0,1
31.789583,0,0,1
31.888832,0,0,0
31.988855,0,0,1
32.091966,0,0,0
32.202195,0,0,0
32.311558,0,0,0
32.426266,0,0,1
32.524618,0,0,0
32.622818,0,0,0
32.725427,0,0,0
32.826708,0,0,1
32.924381,0,0,0
33.019900,0,0,0
33.123021,0,0,0
33.222801,0,0,0
33.321905,0,0,1
33.421404,0,0,1
33.526137,0,0,0
33.638348,0,0,0
33.751689,0,0,1
33.853381,0,0,1
33.949939,0,0,0
34.056161,0,0,0
34.153567,0,0,0
34.251809,0,0,0
34.352117,0,0,0
34.450650,0,0,0
34.543711,0,0,0
34.663771,0,0,0
34.759181,0,0,1
34.855069,0,0,0
34.955601,0,0,0
35.056345,0,0,0
35.158489,0,0,0
35.255467,0,0,1
35.356522,0,0,1
35.454961,0,0,0
35.553164,0,0,0
35.650213,0,0,0
35.749006,0,0,0
35.842197,0,0,0
35.940139,0,0,1
36.039463,0,0,0
36.139923,0,0,1
36.239387,0,0,0
36.340146,0,0,0
36.438640,0,0,0
36.536384,0,0,1
36.635742,0,0,1
36.743301,0,0,0
36.844543,0,0,0
36.946407,0,0,1
37.042609,0,0,1
37.142018,0,0,0
37.239965,0,0,1
37.339084,0,0,0
37.437735,0,0,0
37.536427,0,0,0
37.633532,0,0,0
37.734297,0,0,0
37.832930,0,0,1
37.942714,0,0,0
38.042031,0,0,0
38.137110,0,0,1
38.240370,0,0,0
38.337422,0,0,0
38.435946,0,0,0
38.532017,0,0,1
38.628364,0,0,1
38.727661,0,0,0
38.834895,0,0,0
38.939044,0,0,1
39.040371,0,0,1
39.137632,0,0,0
39.238493,0,0,1
39.335349,0,0,0
39.434232,0,0,1
39.528531,0,0,0
39.624182,0,0,1
39.722992,0,0,0
39.820909,0,0,0
39.920655,0,0,0
40.017781,0,0,0
40.110785,0,0,0
40.210343,0,0,0
40.309657,0,0,0
40.410781,0,0,0
40.507688,0,0,0
40.606332,0,0,0
40.704363,0,0,0
40.804374,0,0,0
40.901973,0,0,1
41.001967,0,0,0
41.100413,0,0,0
41.196930,0,0,0
41.293759,0,0,0
41.393641,0,0,0
41.491116,0,0,0
41.587793,0,0,0
41.689257,0,0,0
41.787535,0,0,0
41.887135,0,0,0
41.984506,0,0,0
42.077656,0,0,0
42.174918,0,0,1
42.272347,0,0,0
42.371106,0,0,1
42.471040,0,0,1
42.568013,0,0,0
42.666768,0,0,1
42.761758,0,0,1
42.857162,0,0,0
42.956533,0,0,1
43.054618,0,0,0
43.159454,0,0,0
43.260731,0,0,0
43.359359,0,0,0
43.458628,0,0,1
43.555060,0,0,0
43.657704,0,0,1
43.769293,0,0,0
43.866928,0,0,0
43.968708,0,0,1
44.066062,0,0,0
44.162193,0,0,0
44.256753,0,0,0
44.355287,0,0,0
44.457069,0,0,1
44.555094,0,0,0
44.654327,0,0,1
44.751093,0,0,0
44.843935,0,0,1
44.941226,0,0,0
45.040544,0,0,0
45.140838,0,0,0
45.239446,0,0,0
45.340671,0,0,0
45.438056,0,0,0
45.537692,0,0,0
45.636605,0,0,1
45.737546,0,0,0
45.838469,0,0,0
45.935640,0,0,0
46.034987,0,0,0
46.133242,0,0,0
46.245435,0,0,0
46.342238,0,0,1
46.454522,0,0,0
46.551942,0,0,0
46.652798,0,0,0
46.748771,0,0,0
46.844813,0,0,0
46.940839,0,0,1
47.038618,0,0,0
47.138466,0,0,0
47.235033,0,0,0
47.336538,0,0,0
47.434045,0,0,0
47.529064,0,0,0
47.625058,0,0,0
47.723698,0,0,0
47.823207,0,0,0
47.921510,0,0,0
48.027804,0,0,0
48.127195,0,0,0
48.223239,0,0,0
48.321218,0,0,0
48.421353,0,0,0
48.519385,0,0,0
48.621753,0,0,0
48.724160,0,0,0
48.832105,0,0,0
48.928081,0,0,1
49.024536,0,0,0
49.123779,0,0,0
49.221597,0,0,0
49.319907,0,0,1
49.417017,0,0,0
49.513375,0,0,0
49.608401,0,0,1
49.704794,0,0,0
49.804480,0,0,1
49.900654,0,0,0
49.993303,0,0,0
50.091677,0,0,0
50.194446,0,0,1
50.292592,0,0,0
50.388803,0,0,0
50.493357,0,0,0
50.606374,0,0,0
50.718545,0,0,1
50.822829,0,0,0
50.922154,0,0,0
51.023306,0,0,1
51.124131,0,0,0
51.223968,0,0,0
51.321706,0,0,0
51.421213,0,0,1
51.518300,0,0,0
51.618281,0,0,1
51.712611,0,0,1
51.808715,0,0,0
51.906615,0,0,0
52.005013,0,0,0
52.105149,0,0,0
52.201507,0,0,0
52.302485,0,0,0
52.406682,0,0,0
52.519972,0,0,0
52.618910,0,0,0
52.715904,0,0,0
52.819416,0,0,0
52.912591,0,0,0
53.011404,0,0,0
53.106710,0,0,0
53.207258,0,0,1
53.304802,0,0,1
53.402048,0,0,0
53.500859,0,0,0
53.594756,0,0,1
53.691171,0,0,1
53.789665,0,0,0
53.893179,0,0,1
54.003566,0,0,1
54.102500,0,0,1
54.202732,0,0,1
54.298270,0,0,1
54.392437,0,0,0
54.499177,0,0,0
54.595671,0,0,0
54.693558,0,0,0
54.807775,0,0,0
54.910816,0,0,0
55.024594,0,0,0
55.122339,0,0,0
55.222683,0,0,1
55.336933,0,0,0
55.436265,0,0,0
55.533068,0,0,0
55.626533,0,0,0
55.726046,0,0,0
55.821582,0,0,1
55.921689,0,0,0
56.019456,0,0,0
56.113587,0,0,0
56.212194,0,0,0
56.314409,0,0,0
56.416858,0,0,0
56.511508,0,0,1
56.609763,0,0,1
56.708135,0,0,0
56.809479,0,0,0
56.907736,0,0,0
57.008787,0,0,0
57.108195,0,0,0
57.207335,0,0,0
57.306896,0,0,0
57.407628,0,0,1
57.506229,0,0,1
57.605649,0,0,1
57.704563,0,0,1
57.803215,0,0,0
57.900163,0,0,0
58.000380,0,0,0
58.093952,0,0,0
58.191325,0,0,0
58.293642,0,0,0
58.389933,0,0,0
58.489360,0,0,0
58.585809,0,0,0
58.683728,0,0,0
58.776979,0,0,0
58.875228,0,0,1
58.973807,0,0,1
59.071936,0,0,1
59.173060,0,0,0
59.272384,0,0,0
59.371206,0,0,0
59.466542,0,0,0
59.562606,0,0,1
59.663539,0,0,0
59.758945,0,0,1
59.858056,0,0,0
59.956523,0,0,0
60.057183,0,0,0
60.155489,0,0,1
60.252626,0,0,1
60.348168,0,0,1
60.453061,0,0,0
60.549063,0,0,0
60.644048,0,0,1
60.741487,0,0,1
60.839966,0,0,1
60.941333,0,0,0
61.039361,0,0,0
61.136516,0,0,0
61.235297,0,0,1
61.329525,0,0,0
61.428615,0,0,0
61.525776,0,0,0
61.624187,0,0,0
61.722695,0,0,0
61.826985,0,0,0
61.922124,0,0,0
62.023006,0,0,1
62.124601,0,0,1
62.224627,0,0,1
62.324008,0,0,0
62.423997,0,0,0
62.524491,0,0,0
62.624271,0,0,0
62.723067,0,0,0
62.821866,0,0,0
62.933297,0,0,0
63.035695,0,0,0
63.132257,0,0,1
63.242386,0,0,0
63.341812,0,0,0
63.459121,0,0,0
63.556944,0,0,0
63.657240,0,0,0
63.755787,0,0,0
63.856436,0,0,0
63.959175,0,0,1
64.058137,0,0,0
64.159629,0,0,0
64.258032,0,0,1
64.356046,0,0,1
64.462369,0,0,0
64.560118,0,0,0
64.667056,0,0,0
64.763431,0,0,1
64.861520,0,0,0
64.960992,0,0,0
65.056746,0,0,1
65.170481,0,0,0
65.271936,0,0,0
65.368028,0,0,0
65.471819,0,0,1
65.570289,0,0,0
65.669660,1,1,1
65.758155,1,0,1
65.855370,1,0,1
65.968640,1,0,1
66.070050,1,0,1
66.164536,1,0,1
66.271900,1,0,1
66.371874,1,0,1
66.468490,1,0,1
66.568663,1,0,1
66.669061,0,0,0
66.770548,0,0,0
66.869258,0,0,0
66.979147,0,0,0
67.079799,0,0,0
67.179622,0,0,1
67.279806,0,0,1
67.375222,0,0,0
67.472530,0,0,0
67.572244,0,0,0
67.668028,0,0,0
67.775119,0,0,0
67.875198,0,0,0
67.973239,0,0,0
68.072872,0,0,1
68.173188,0,0,0
68.272575,0,0,0
68.372063,0,0,1
68.469236,0,0,0
68.567945,0,0,0
68.662925,0,0,1
68.761190,0,0,0
68.857865,0,0,0
68.958849,0,0,1
69.058465,0,0,0
69.158264,0,0,0
69.256109,0,0,0
69.356707,0,0,1
69.453799,0,0,0
69.551918,0,0,0
69.651398,0,0,0
69.746708,1,1,1
69.838234,1,0,1
69.933213,1,0,1
70.038663,1,0,1
70.144162,1,0,1
70.239905,1,0,1
70.339746,1,0,1
70.441784,1,0,1
70.547535,1,0,1
70.650338,1,0,1
70.753939,0,0,0
70.854897,0,0,0
70.953145,0,0,0
71.046789,0,0,1
71.148086,0,0,1
71.245792,0,0,0
71.344901,0,0,1
71.442439,0,0,0
71.540136,0,0,1
71.640938,0,0,1
71.738761,0,0,1
71.836715,0,0,1
71.930366,0,0,0
72.026247,0,0,1
72.124402,0,0,0
72.234253,0,0,1
72.337738,0,0,1
72.435831,0,0,0
72.532945,0,0,0
72.628571,0,0,0
72.724799,0,0,0
72.826002,0,0,0
72.926849,0,0,0
73.025448,0,0,0
73.124076,0,0,0
73.226284,0,0,0
73.333580,0,0,0
73.431546,0,0,0
73.526750,0,0,1
73.624936,0,0,1
73.722891,0,0,1
73.823091,0,0,1
73.926774,0,0,0
74.025360,0,0,0
74.123747,0,0,0
74.222994,0,0,0
74.323431,0,0,0
74.422976,0,0,0
74.525072,0,0,0
74.623194,0,0,1
74.725383,0,0,1
74.822816,0,0,0
74.923218,0,0,0
75.022883,0,0,1
75.125503,0,0,0
75.222971,0,0,0
75.321996,0,0,0
75.422589,0,0,0
75.524229,0,0,0
75.625760,0,0,1
75.723546,0,0,1
75.822001,0,0,0
75.920054,0,0,0
76.013317,0,0,0
76.109570,0,0,0
76.208510,0,0,0
76.306847,0,0,0
76.408564,0,0,0
76.504280,0,0,0
76.603464,0,0,0
76.698606,0,0,0
76.793218,0,0,0
76.891807,0,0,0
76.990070,0,0,0
77.089641,0,0,0
77.190196,0,0,1
77.294226,0,0,0
77.389435,0,0,0
77.491941,0,0,0
77.590048,0,0,0
77.691231,0,0,1
77.792782,0,0,0
77.890429,0,0,0
77.989229,0,0,1
78.090855,0,0,0
78.197071,0,0,0
78.302412,1,1,1
78.400050,1,0,1
78.496947,1,0,1
78.595698,1,0,1
78.693536,1,0,1
78.799264,1,0,1
78.893659,1,0,1
78.993288,1,0,1
79.099673,1,0,1
79.198943,1,0,1
79.297078,0,0,0
79.406202,0,0,1
79.504278,0,0,1
79.608080,0,0,0
79.706374,0,0,0
79.808337,0,0,0
79.906666,0,0,0
80.005588,0,0,1
80.101841,0,0,0
80.203805,0,0,1
80.302313,0,0,0
80.395845,0,0,0
80.494430,0,0,0
80.590697,0,0,0
80.689347,0,0,0
80.789213,0,0,1
80.886183,0,0,1
80.981087,0,0,1
81.075738,0,0,1
81.173050,0,0,1
81.273798,0,0,0
81.373034,0,0,1
81.471156,0,0,0
81.568915,0,0,0
81.664434,0,0,0
81.758748,0,0,1
81.856934,0,0,0
81.956299,0,0,1
82.053576,0,0,0
82.153304,0,0,1
82.246158,0,0,0
82.363514,0,0,1
82.471157,0,0,0
82.577254,0,0,1
82.683750,0,0,0
82.779918,0,0,0
82.879065,0,0,0
82.977310,0,0,0
83.076138,0,0,0
83.176213,0,0,0
83.273984,0,0,0
83.374242,0,0,0
83.470999,0,0,0
83.572130,0,0,0
83.669823,0,0,0
83.769008,0,0,0
83.863532,0,0,0
83.962939,0,0,0
84.058417,0,0,0
84.159463,0,0,0
84.259643,0,0,0
84.360966,0,0,1
84.457845,0,0,0
84.555160,0,0,1
84.655176,0,0,1
84.748254,0,0,0
84.845300,0,0,0
84.941456,0,0,1
85.040461,0,0,0
85.142797,0,0,1
85.245412,0,0,1
85.342341,0,0,0
85.445102,0,0,0
85.550316,0,0,0
85.645597,0,0,1
85.745983,0,0,0
85.847252,0,0,1
85.943999,0,0,0
86.047508,0,0,0
86.146177,0,0,0
86.241489,0,0,1
86.348075,0,0,1
86.444344,0,0,1
86.544172,0,0,1
86.642195,0,0,1
86.742837,0,0,0
86.844409,0,0,1
86.943793,0,0,1
87.042420,0,0,0
87.142038,0,0,0
87.242521,0,0,1
87.340120,0,0,1
87.440595,0,0,1
87.543597,0,0,1
87.640501,0,0,1
87.740614,0,0,1
87.842313,0,0,1
87.944906,0,0,0
88.040627,0,0,0
88.146604,0,0,0
88.252531,0,0,0
88.349730,0,0,0
88.457535,0,0,0
88.560567,0,0,0
88.659532,0,0,0
88.759399,0,0,0
88.859606,0,0,0
88.959998,0,0,0
89.059332,0,0,0
89.159812,0,0,1
89.257541,0,0,0
89.358300,0,0,0
89.461156,0,0,0
89.558592,0,0,0
89.657652,0,0,1
89.757948,0,0,1
89.854993,0,0,0
89.954803,0,0,0
90.054029,0,0,1
90.157014,1,1,0
90.248233,1,0,0
90.342620,1,0,0
90.440947,1,0,0
90.538935,1,0,0
90.638400,1,0,0
90.736062,1,0,0
90.830891,1,0,0
90.940977,1,0,0
91.043276,1,0,0
91.140333,0,0,0
91.247795,0,0,0
91.356348,0,0,1
91.453140,0,0,0
91.553191,0,0,0
91.647124,0,0,1
91.760705,0,0,0
91.860564,0,0,0
91.972785,0,0,1
92.077775,0,0,1
92.177126,0,0,1
92.276138,0,0,0
92.373615,0,0,1
92.473270,0,0,1
92.572861,0,0,0
92.670989,0,0,0
92.770324,0,0,0
92.869391,0,0,0
92.971670,0,0,0
93.072359,0,0,0
93.172214,0,0,0
93.269644,0,0,0
93.370525,0,0,0
93.464518,0,0,0
93.562276,0,0,0
93.658993,0,0,0
93.760299,0,0,1
93.857597,0,0,1
93.957401,0,0,0
94.055345,0,0,0
94.155484,0,0,0
94.253409,0,0,0
94.348342,0,0,0
94.443791,0,0,1
94.542151,0,0,0
94.639627,0,0,0
94.739705,0,0,0
94.839797,0,0,0
94.939952,0,0,0
95.040950,0,0,0
95.138795,0,0,0
95.237977,0,0,0
95.336010,0,0,0
95.432085,0,0,0
95.528877,0,0,0
95.626115,0,0,0
95.726205,0,0,1
95.824148,0,0,0
95.919613,0,0,0
96.021129,0,0,1
96.114809,0,0,0
96.212748,0,0,1
96.309073,0,0,1
96.407047,0,0,0
96.504624,0,0,0
96.603456,0,0,1
96.698981,0,0,1
96.793298,0,0,1
96.891283,0,0,1
96.990943,0,0,1
97.087690,0,0,1
97.188490,0,0,0
97.291162,0,0,0
97.402086,0,0,0
97.505112,0,0,0
97.612852,0,0,0
97.721348,0,0,0
97.818717,0,0,0
97.914676,0,0,0
98.010300,0,0,0
98.121702,0,0,1
98.224312,0,0,1
98.321609,0,0,0
98.427187,0,0,0
98.523957,0,0,1
98.624858,0,0,0
98.726945,0,0,0
98.825913,0,0,0
98.924404,0,0,0
99.024499,0,0,0
99.121249,0,0,0
99.221894,0,0,0
99.320474,0,0,0
99.414651,0,0,1
99.512612,0,0,0
99.613927,0,0,0
99.710486,0,0,0
99.815644,0,0,1
99.928415,0,0,1
100.034387,0,0,0
100.131710,0,0,0
100.230577,0,0,0
100.332065,0,0,1
100.430227,0,0,1
100.539877,0,0,1
100.637783,0,0,1
100.730089,0,0,0
100.829464,0,0,0
100.926780,0,0,1
101.026937,0,0,1
101.127579,0,0,0
101.228800,0,0,0
101.326139,0,0,0
101.426913,0,0,0
101.526347,0,0,0
101.626164,0,0,0
101.725155,0,0,0
101.823202,0,0,1
101.927500,0,0,1
102.023439,0,0,1
102.123882,0,0,0
102.221793,0,0,0
102.321499,0,0,1
102.421097,0,0,0
102.514577,0,0,0
102.614051,0,0,0
102.710253,0,0,0
102.808021,0,0,0
102.906282,0,0,0
103.005148,0,0,0
103.103526,0,0,0
103.198683,0,0,0
103.298272,0,0,0
103.396787,0,0,0
103.500113,0,0,0
103.597871,0,0,0
103.697140,0,0,0
103.793276,0,0,1
103.894250,0,0,1
103.993507,0,0,1
104.091804,0,0,1
104.191721,0,0,1
104.289863,0,0,0
104.391023,0,0,0
104.487869,0,0,1
104.587860,0,0,0
104.680498,0,0,0
104.780535,0,0,1
104.878760,0,0,0
104.976344,0,0,1
105.077036,0,0,0
105.177290,0,0,0
105.279513,0,0,1
105.379766,0,0,0
105.475597,0,0,0
105.574671,0,0,0
105.671781,0,0,0
105.765183,0,0,0
105.864932,0,0,1
105.960720,0,0,0
106.059482,0,0,0
106.160224,0,0,0
106.265420,0,0,0
106.362578,0,0,0
106.460591,0,0,0
106.558901,0,0,0
106.659928,0,0,0
106.761311,0,0,0
106.863818,0,0,0
106.963958,0,0,0
107.062509,0,0,0
107.161264,0,0,1
107.260752,0,0,1
107.358450,0,0,1
107.462624,0,0,0
107.561001,0,0,1
107.662734,0,0,1
107.758786,0,0,1
107.859587,0,0,0
107.958565,0,0,0
108.057868,0,0,1
108.155255,0,0,0
108.256608,0,0,1
108.355815,0,0,1
108.456520,0,0,0
108.555353,0,0,0
108.654615,0,0,0
108.747872,0,0,0
108.845270,0,0,0
108.943692,0,0,1
109.052143,0,0,0
109.161036,0,0,0
109.260792,0,0,1
109.366356,0,0,0
109.475855,0,0,0
109.575251,0,0,0
109.675467,0,0,0
109.773009,0,0,0
109.872931,0,0,0
109.972195,0,0,0
110.073994,0,0,0
110.173796,0,0,0
110.271608,0,0,0
110.370219,0,0,0
110.469886,0,0,0
110.566030,0,0,0
110.663300,0,0,1
110.758934,0,0,0
110.861615,0,0,0
110.961492,0,0,0
111.060798,0,0,0
111.161700,0,0,0
111.260771,0,0,0
111.358786,0,0,1
111.458502,0,0,0
111.556115,0,0,0
111.658156,0,0,1
111.754836,0,0,0
111.848319,0,0,0
111.948108,0,0,0
112.043471,0,0,1
112.144228,0,0,1
112.243358,0,0,1
112.349518,0,0,0
112.453428,0,0,0
112.553496,0,0,1
112.656305,0,0,0
112.754459,0,0,0
112.847669,0,0,0
112.945172,0,0,0
113.043396,0,0,1
113.145435,0,0,1
113.242657,0,0,1
113.342087,0,0,1
113.442167,0,0,0
113.543600,0,0,0
113.642120,0,0,0
113.742022,0,0,1
113.838576,0,0,1
113.937206,0,0,0
114.030521,0,0,0
114.127023,0,0,0
114.227820,0,0,0
114.325496,0,0,0
114.425504,0,0,1
114.522060,0,0,0
114.630502,0,0,1
114.736601,0,0,0
114.840130,0,0,0
114.947613,0,0,0
115.046961,0,0,0
115.150647,0,0,0
115.255325,0,0,0
115.359700,0,0,0
115.469661,0,0,0
115.571231,0,0,0
115.672587,0,0,0
115.771008,0,0,0
115.869378,0,0,0
115.963975,0,0,0
116.078683,0,0,0
116.181263,0,0,0
116.283030,0,0,0
116.385267,0,0,0
116.493536,0,0,0
116.593970,0,0,1
116.692293,0,0,1
116.789533,0,0,0
116.888817,0,0,0
116.982396,0,0,0
117.082445,0,0,0
117.182067,0,0,0
117.294130,0,0,0
117.394120,0,0,1
117.493392,0,0,1
117.597310,0,0,0
117.698072,0,0,0
117.795989,0,0,0
117.895338,0,0,0
117.994839,0,0,0
118.098417,0,0,1
118.194621,0,0,1
118.295124,0,0,1
118.396879,1,1,1
118.494347,1,0,1
118.599501,1,0,1
118.698543,1,0,1
118.794613,1,0,1
118.896282,1,0,1
118.996485,1,0,1
119.100449,1,0,1
119.202792,1,0,1
119.303461,1,0,1
119.397098,0,0,0
119.499196,0,0,0
119.604747,0,0,1
119.703420,0,0,0
119.808711,0,0,0
119.909611,0,0,0
120.006872,0,0,0
120.106153,0,0,1
120.205786,0,0,1
120.300486,0,0,1
120.399254,0,0,0
120.494627,0,0,0
120.595262,0,0,1
120.695831,0,0,0
120.798971,0,0,0
120.898498,0,0,0
120.997611,0,0,0
121.092999,0,0,0
121.192642,0,0,0
121.289059,0,0,0
121.382719,0,0,0
121.499879,0,0,0
121.616136,0,0,0
121.725854,0,0,0
121.823263,0,0,0
121.922449,0,0,0
122.020727,0,0,0
122.114437,0,0,0
122.212964,0,0,0
122.324156,0,0,0
122.438508,0,0,0
122.537447,0,0,1
122.632389,0,0,0
122.729787,0,0,0
122.827860,0,0,0
122.925877,0,0,0
123.022698,0,0,1
123.122814,0,0,0
123.215536,0,0,1
123.312661,0,0,1
123.410653,0,0,0
123.508260,0,0,0
123.606587,0,0,1
123.703044,0,0,0
123.805380,0,0,0
123.901676,0,0,0
123.999355,0,0,0
124.095900,0,0,0
124.192593,0,0,0
124.292829,0,0,0
124.389385,0,0,0
124.482274,0,0,0
124.581493,0,0,0
124.677312,0,0,1
124.777813,0,0,0
124.878178,0,0,0
124.978275,0,0,0
125.078955,0,0,0
125.178104,0,0,0
125.276198,0,0,0
125.374921,0,0,1
125.484808,0,0,0
125.582687,0,0,1
125.681625,0,0,0
125.778745,0,0,0
125.878961,0,0,0
125.978975,0,0,1
126.077034,0,0,0
126.179571,0,0,0
126.280885,0,0,0
126.398738,0,0,1
126.502469,0,0,0
126.598431,0,0,0
126.696508,0,0,1
126.795905,0,0,1
126.895590,1,1,1
126.990819,1,0,1
127.094023,1,0,1
127.194005,1,0,1
127.287012,1,0,1
127.385793,1,0,1
127.483600,1,0,1
127.582143,1,0,1
127.682333,1,0,1
127.788421,1,0,1
127.894450,0,0,0
128.008385,0,0,0
128.106839,0,0,0
128.207106,0,0,1
128.307408,0,0,0
128.400589,0,0,0
128.505588,0,0,0
128.598323,0,0,0
128.694356,0,0,1
128.794244,0,0,1
128.892255,0,0,1
128.991462,0,0,1
129.091315,0,0,0
129.188990,0,0,0
129.283661,0,0,0
129.381306,0,0,0
129.476940,0,0,0
129.575764,0,0,0
129.673478,0,0,0
129.771075,0,0,0
129.872729,0,0,0
129.968098,0,0,0
130.067061,0,0,0
130.163104,0,0,0
130.266812,0,0,1
130.362940,0,0,1
130.463441,0,0,0
130.562719,0,0,1
130.669564,0,0,1
130.781129,0,0,1
130.882510,0,0,0
130.977848,0,0,1
131.081639,0,0,0
131.178759,0,0,0
131.277525,0,0,1
131.376238,0,0,0
131.474427,0,0,1
131.572986,0,0,0
131.670122,0,0,0
131.767071,0,0,0
131.863633,0,0,1
131.963836,0,0,0
132.060029,0,0,0
132.160485,0,0,0
132.257365,0,0,0
132.357209,0,0,0
132.457621,0,0,0
132.561024,0,0,1
132.658945,0,0,0
132.757844,0,0,1
132.858654,0,0,1
132.957203,0,0,0
133.055337,0,0,0
133.147913,0,0,1
133.257326,0,0,0
133.361114,0,0,1
133.460545,0,0,1
133.559035,0,0,0
133.656783,0,0,0
133.754605,0,0,0
133.851460,0,0,0
133.945875,0,0,0
134.044744,0,0,0
134.143313,0,0,0
134.241395,0,0,0
134.336865,0,0,1
134.432366,0,0,0
134.528124,0,0,0
134.626613,0,0,0
134.730503,0,0,0
134.830134,0,0,0
134.928887,0,0,0
135.026976,0,0,0
135.126516,0,0,1
135.223206,0,0,0
135.322464,0,0,0
135.418259,0,0,1
135.514920,0,0,0
135.610815,0,0,1
135.712813,0,0,1
135.810455,0,0,0
135.912641,0,0,0
136.012827,0,0,0
136.114924,0,0,0
136.246248,0,0,0
136.359952,0,0,0
136.460433,0,0,0
136.559731,0,0,0
136.656229,0,0,0
136.753232,0,0,0
136.851301,0,0,1
136.946163,0,0,1
137.045894,0,0,1
137.143082,0,0,1
137.252162,0,0,0
137.356399,0,0,0
137.454556,0,0,0
137.554764,0,0,0
137.649497,0,0,0
137.747965,0,0,0
137.846418,0,0,0
137.944148,0,0,0
138.043143,0,0,0
138.140746,0,0,1
138.234152,0,0,1
138.331106,0,0,0
138.442258,0,0,1
138.554257,0,0,1
138.653775,0,0,1
138.748835,0,0,1
138.846475,0,0,1
138.946008,0,0,0
139.045625,0,0,0
139.148529,0,0,0
139.244179,0,0,0
139.343579,0,0,1
139.439734,0,0,1
139.538081,0,0,0
139.631813,0,0,0
139.731411,0,0,0
139.831174,0,0,1
139.928075,0,0,0
140.037079,0,0,0
140.134264,1,1,0
140.235117,1,0,0
140.334255,1,0,0
140.432921,1,0,0
140.536205,1,0,0
140.637785,1,0,0
140.729072,1,0,0
140.824744,1,0,0
140.923747,1,0,0
141.017736,1,0,0
141.113699,0,0,0
141.220228,0,0,0
141.330767,0,0,0
141.445462,0,0,0
141.546077,0,0,1
141.644740,0,0,0
141.747019,0,0,0
141.846368,0,0,1
141.946994,0,0,1
142.045179,0,0,0
142.147120,0,0,1
142.246668,0,0,0
142.346914,0,0,1
142.455296,0,0,1
142.551351,0,0,0
142.659265,0,0,1
142.758215,0,0,1
142.858410,0,0,0
142.964846,0,0,0
143.063573,0,0,0
143.166006,0,0,0
143.263311,0,0,0
143.365265,0,0,0
143.468948,0,0,0
143.564435,0,0,1
143.662375,0,0,1
143.763559,0,0,1
143.861617,0,0,1
143.963549,0,0,0
144.063391,0,0,0
144.163685,0,0,0
144.261020,0,0,1
144.362922,0,0,0
144.460956,0,0,0
144.559641,0,0,0
144.657575,0,0,0
144.756427,0,0,0
144.850964,0,0,0
144.955493,0,0,1
145.049174,0,0,1
145.145743,0,0,1
145.246333,0,0,1
145.344025,0,0,1
145.443830,0,0,0
145.540014,0,0,0
145.643808,0,0,1
145.742680,0,0,0
145.843309,0,0,0
145.948656,0,0,0
146.047679,0,0,0
146.146393,0,0,0
146.245795,0,0,0
146.346837,0,0,1
146.444629,0,0,1
146.548617,0,0,1
146.646951,0,0,1
146.747343,0,0,1
146.849364,0,0,1
146.949426,0,0,0
147.069286,0,0,0
147.168238,0,0,0
147.267482,0,0,0
147.365161,0,0,0
147.461146,0,0,0
147.559173,0,0,0
147.660742,0,0,0
147.764462,0,0,0
147.860955,0,0,0
147.958417,0,0,0
148.056414,0,0,0
148.150003,0,0,0
148.262197,0,0,1
148.370855,1,1,1
148.472064,1,0,1
148.573498,1,0,1
148.682753,1,0,1
148.778084,1,0,1
148.875358,1,0,1
148.978467,1,0,1
149.074670,1,0,1
149.174295,1,0,1
149.268780,1,0,1
149.363476,0,0,0
149.464101,0,0,0
149.564335,0,0,0
149.662027,0,0,0
149.763376,0,0,1
149.861385,0,0,1
149.960342,0,0,0
150.060595,0,0,0
150.161824,0,0,0
150.258643,0,0,1
150.359225,0,0,0
150.457868,0,0,0
150.558869,0,0,0
150.654316,0,0,0
150.752607,0,0,0
150.850643,1,1,1
150.955801,1,0,1
151.049972,1,0,1
151.159204,1,0,1
151.251947,1,0,1
151.352441,1,0,1
151.454689,1,0,1
151.565056,1,0,1
151.663911,1,0,1
151.755934,1,0,1
151.859768,0,0,1
151.960472,0,0,0
152.058974,0,0,0
152.155660,0,0,1
152.249690,0,0,1
152.348998,0,0,0
152.448281,0,0,0
152.549359,0,0,1
152.646193,0,0,0
152.749154,0,0,0
152.848234,0,0,1
152.958263,0,0,0
153.057357,0,0,0
153.156049,0,0,1
153.255955,0,0,0
153.351053,0,0,0
153.451770,0,0,0
153.546825,0,0,1
153.646121,0,0,0
153.745465,0,0,0
153.844887,0,0,0
153.943979,0,0,1
154.044982,0,0,1
154.144979,0,0,0
154.244249,0,0,1
154.342904,0,0,0
154.443220,0,0,1
154.542076,0,0,1
154.638790,0,0,0
154.739837,0,0,0
154.833619,0,0,1
154.932421,0,0,1
155.031683,0,0,1
155.132871,0,0,1
155.229929,0,0,0
155.333021,0,0,1
155.429118,0,0,1
155.526091,0,0,1
155.630863,0,0,1
155.728333,0,0,1
155.827261,0,0,0
155.925925,0,0,0
156.024720,0,0,0
156.117516,0,0,1
156.216713,0,0,0
156.313671,0,0,0
156.411600,0,0,0
156.509660,0,0,0
156.607111,0,0,0
156.700764,0,0,0
156.797610,0,0,1
156.897018,0,0,1
156.996906,0,0,0
157.096076,0,0,0
157.197449,0,0,0
157.295875,0,0,0
157.396327,0,0,0
157.494385,0,0,0
157.595371,0,0,0
157.692643,0,0,0
157.791312,0,0,0
157.887836,0,0,1
157.985298,0,0,1
158.081690,0,0,0
158.177951,0,0,0
158.294650,0,0,0
158.398975,0,0,0
158.496483,0,0,1
158.597297,0,0,0
158.700687,0,0,0
158.798147,0,0,0
158.896433,0,0,1
158.995467,0,0,0
159.099030,0,0,0
159.201418,0,0,0
159.301050,0,0,0
159.399644,0,0,0
159.496591,0,0,1
159.596633,0,0,1
159.697945,0,0,1
159.805471,0,0,0
159.907681,0,0,1
160.006484,0,0,0
160.099960,0,0,0
160.200103,0,0,1
160.296538,0,0,0
160.402698,0,0,0
160.499172,0,0,0
160.606917,0,0,0
160.711068,0,0,0
160.817160,0,0,0
160.913011,0,0,0
161.016250,0,0,0
161.113087,0,0,0
161.213327,0,0,0
161.314327,0,0,0
161.413668,0,0,0
161.511734,0,0,0
161.612686,0,0,0
161.711454,0,0,0
161.811387,0,0,0
161.906940,0,0,0
162.003006,0,0,0
162.099324,0,0,0
162.195949,0,0,1
162.297113,0,0,1
162.397675,0,0,0
162.497081,0,0,0
162.599169,0,0,0
162.698001,0,0,0
162.795340,0,0,0
162.898461,0,0,0
163.000349,0,0,0
163.097212,0,0,0
163.197175,0,0,1
163.298385,0,0,0
163.400573,0,0,0
163.497737,0,0,0
163.600619,0,0,0
163.696628,0,0,1
163.797626,0,0,1
163.895688,0,0,0
163.992641,0,0,0
164.093008,0,0,1
164.201165,0,0,0
164.298480,0,0,0
164.397650,0,0,0
164.495290,0,0,0
164.605476,0,0,0
164.700220,0,0,1
164.802274,0,0,0
164.898627,0,0,1
165.000328,0,0,0
165.097382,0,0,1
165.198639,0,0,0
165.297481,0,0,0
165.398033,0,0,1
165.496849,0,0,0
165.597590,0,0,0
165.710566,0,0,1
165.809154,0,0,0
165.907635,0,0,0
166.002130,0,0,1
166.100289,0,0,0
166.197145,0,0,0
166.300342,0,0,0
166.397757,0,0,0
166.497899,0,0,0
166.595728,0,0,0
166.693238,0,0,0
166.790265,0,0,0
166.892323,0,0,0
166.985396,0,0,0
167.093332,0,0,0
167.185906,0,0,0
167.283808,0,0,1
167.384419,0,0,1
167.479906,0,0,1
167.582424,0,0,1
167.679465,0,0,0
167.780579,0,0,1
167.881366,0,0,0
167.979903,0,0,0
168.077453,0,0,1
168.175400,0,0,0
168.268122,0,0,1
168.367638,0,0,0
168.468078,0,0,0
168.566732,0,0,1
168.665166,0,0,1
168.763060,0,0,0
168.864582,0,0,0
168.962414,0,0,0
169.061430,0,0,0
169.158002,0,0,0
169.251971,0,0,0
169.351473,0,0,0
169.447990,0,0,0
169.547893,0,0,0
169.646543,0,0,1
169.745870,0,0,0
169.843052,0,0,0
169.936353,0,0,1
170.036872,0,0,1
170.140608,0,0,1
170.236011,0,0,0
170.331785,0,0,0
170.431050,0,0,0
170.529436,0,0,0
170.629491,0,0,0
170.725300,0,0,0
170.826688,0,0,0
170.925383,0,0,0
171.026220,0,0,0
171.120104,0,0,0
171.215979,0,0,0
171.315627,0,0,0
171.412872,0,0,0
171.508450,0,0,0
171.619429,0,0,0
171.717256,0,0,0
171.814880,0,0,0
171.915104,0,0,1
172.012715,0,0,0
172.113185,0,0,1
172.210137,0,0,1
172.303251,0,0,1
172.400481,0,0,0
172.504229,0,0,0
172.601515,0,0,0
172.700833,0,0,1
172.801036,0,0,1
172.897731,0,0,1
172.997768,0,0,1
173.102791,0,0,0
173.198990,0,0,0
173.295873,0,0,0
173.396954,0,0,0
173.504632,0,0,1
173.600633,0,0,0
173.710423,0,0,0
173.819029,0,0,0
173.925806,0,0,0
174.033792,0,0,0
174.135667,0,0,0
174.234070,0,0,0
174.333367,0,0,0
174.434371,0,0,1
174.531394,0,0,0
174.629692,0,0,0
174.729623,0,0,1
174.827800,0,0,1
174.926392,0,0,1
175.019380,0,0,0
175.119682,0,0,1
175.218082,0,0,0
175.314169,0,0,0
175.415230,0,0,0
175.512858,0,0,1
175.614421,0,0,0
175.714320,0,0,1
175.813846,0,0,1
175.915245,0,0,0
176.013525,0,0,0
176.112054,0,0,0
176.212124,0,0,0
176.313926,0,0,0
176.413046,0,0,0
176.512508,0,0,0
176.610444,0,0,1
176.703901,0,0,1
176.803551,0,0,0
176.898039,0,0,0
176.999524,0,0,0
177.097948,0,0,0
177.200691,0,0,0
177.299182,0,0,0
177.400699,0,0,0
177.496400,0,0,0
177.598101,0,0,0
177.696569,0,0,0
177.796091,0,0,0
177.893794,0,0,1
177.992683,0,0,1
178.086207,0,0,0
178.181606,0,0,0
178.281611,0,0,1
178.379728,0,0,1
178.478171,0,0,1
178.575127,0,0,1
178.668595,0,0,1
178.766744,0,0,0
178.862816,0,0,0
178.964914,0,0,1
179.064962,0,0,0
179.166003,0,0,0
179.265880,0,0,0
179.366281,0,0,0
